name,phone,email
Aarav Sharma,9876543201,aarav.sharma1@example.com
Vihaan Patel,9876543202,vihaan.patel2@example.com
Aditya Verma,9876543203,aditya.verma3@example.com
Arjun Rao,9876543204,arjun.rao4@example.com
Reyansh Gupta,9876543205,reyansh.gupta5@example.com
Mohit Mehta,9876543206,mohit.mehta6@example.com
Rohit Iyer,9876543207,rohit.iyer7@example.com
Kunal Singh,9876543208,kunal.singh8@example.com
Siddharth Nair,9876543209,siddharth.nair9@example.com
Amit Malhotra,9876543210,amit.malhotra10@example.com
Neha Kapoor,9876543211,neha.kapoor11@example.com
Pooja Reddy,9876543212,pooja.reddy12@example.com
Ananya Chatterjee,9876543213,ananya.chatterjee13@example.com
Priya Das,9876543214,priya.das14@example.com
Kavya Joshi,9876543215,kavya.joshi15@example.com
Riya Banerjee,9876543216,riya.banerjee16@example.com
Sneha Kulkarni,9876543217,sneha.kulkarni17@example.com
Nisha Kaur,9876543218,nisha.kaur18@example.com
Ishita Mishra,9876543219,ishita.mishra19@example.com
Shreya Saxena,9876543220,shreya.saxena20@example.com
Rahul Khanna,9876543221,rahul.khanna21@example.com
Vikas Arora,9876543222,vikas.arora22@example.com
Deepak Bansal,9876543223,deepak.bansal23@example.com
Manish Goyal,9876543224,manish.goyal24@example.com
Suresh Yadav,9876543225,suresh.yadav25@example.com
Anil Pawar,9876543226,anil.pawar26@example.com
Rakesh Soni,9876543227,rakesh.soni27@example.com
Sunil Tiwari,9876543228,sunil.tiwari28@example.com
Naveen Agarwal,9876543229,naveen.agarwal29@example.com
Prakash Kulkarni,9876543230,prakash.kulkarni30@example.com
Karthik Subramanian,9876543231,karthik.subramanian31@example.com
Balaji Srinivasan,9876543232,balaji.srinivasan32@example.com
Ramesh Krishnan,9876543233,ramesh.krishnan33@example.com
Sanjay Menon,9876543234,sanjay.menon34@example.com
Arvind Pillai,9876543235,arvind.pillai35@example.com
Nithin Shetty,9876543236,nithin.shetty36@example.com
Varun Mallick,9876543237,varun.mallick37@example.com
Aakash Jain,9876543238,aakash.jain38@example.com
Pankaj Bhatia,9876543239,pankaj.bhatia39@example.com
Harsh Vardhan,9876543240,harsh.vardhan40@example.com
Shubham Pandey,9876543241,shubham.pandey41@example.com
Abhishek Tripathi,9876543242,abhishek.tripathi42@example.com
Alok Srivastava,9876543243,alok.srivastava43@example.com
Mayank Agarwal,9876543244,mayank.agarwal44@example.com
Nitin Chauhan,9876543245,nitin.chauhan45@example.com
Sachin Tomar,9876543246,sachin.tomar46@example.com
Vivek Thakur,9876543247,vivek.thakur47@example.com
Gaurav Mishra,9876543248,gaurav.mishra48@example.com
Ankur Dixit,9876543249,ankur.dixit49@example.com
Rajat Saxena,9876543250,rajat.saxena50@example.com
Mehul Shah,9876543251,mehul.shah51@example.com
Jay Patel,9876543252,jay.patel52@example.com
Hardik Desai,9876543253,hardik.desai53@example.com
Nirav Trivedi,9876543254,nirav.trivedi54@example.com
Bhavin Dave,9876543255,bhavin.dave55@example.com
Hiren Modi,9876543256,hiren.modi56@example.com
Ayesha Khan,9876543257,ayesha.khan57@example.com
Zoya Ali,9876543258,zoya.ali58@example.com
Farhan Ahmed,9876543259,farhan.ahmed59@example.com
Imran Shaikh,9876543260,imran.shaikh60@example.com
Salman Qureshi,9876543261,salman.qureshi61@example.com
Yusuf Ansari,9876543262,yusuf.ansari62@example.com
Arif Pathan,9876543263,arif.pathan63@example.com
Sameer Khan,9876543264,sameer.khan64@example.com
Noman Siddiqui,9876543265,noman.siddiqui65@example.com
Faizan Akhtar,9876543266,faizan.akhtar66@example.com
Bilal Hussain,9876543267,bilal.hussain67@example.com
Tariq Mirza,9876543268,tariq.mirza68@example.com
Hamza Farooq,9876543269,hamza.farooq69@example.com
Usman Latif,9876543270,usman.latif70@example.com
Rohan Kuldeep,9876543271,rohan.kuldeep71@example.com
Tanmay Borkar,9876543272,tanmay.borkar72@example.com
Pranav Deshpande,9876543273,pranav.deshpande73@example.com
Omkar Jadhav,9876543274,omkar.jadhav74@example.com
Swapnil Patil,9876543275,swapnil.patil75@example.com
Saurabh Shinde,9876543276,saurabh.shinde76@example.com
Amol Kulkarni,9876543277,amol.kulkarni77@example.com
Akshay Purohit,9876543278,akshay.purohit78@example.com
Yash Jain,9876543279,yash.jain79@example.com
Nakul Bansal,9876543280,nakul.bansal80@example.com
Ritu Sharma,9876543281,ritu.sharma81@example.com
Divya Aggarwal,9876543282,divya.aggarwal82@example.com
Sonal Mehra,9876543283,sonal.mehra83@example.com
Payal Arvind,9876543284,payal.arvind84@example.com
Isha Mathur,9876543285,isha.mathur85@example.com
Kriti Sood,9876543286,kriti.sood86@example.com
Mansi Jain,9876543287,mansi.jain87@example.com
Pallavi Ghosh,9876543288,pallavi.ghosh88@example.com
Aditi Kuldeep,9876543289,aditi.kuldeep89@example.com
Sanya Roy,9876543290,sanya.roy90@example.com
Rashmi Sen,9876543291,rashmi.sen91@example.com
Monika Dutta,9876543292,monika.dutta92@example.com
Preeti Lal,9876543293,preeti.lal93@example.com
Kiran Joshi,9876543294,kiran.joshi94@example.com
Bhavana Rao,9876543295,bhavana.rao95@example.com
Anu Iyer,9876543296,anu.iyer96@example.com
Lakshmi Menon,9876543297,lakshmi.menon97@example.com
Sowmya Reddy,9876543298,sowmya.reddy98@example.com
Harini Krishnan,9876543299,harini.krishnan99@example.com
